{
    "tabla1": {
        "REGISTRO\tSENSORES\t\t\t\t\t\t\t\t\t\t\t\t\t\t\t\t\t\t\t\t\t\t\t\t\r\nID TIEMPO\tS1\tS2\tS3\tS4\tS5\tS6\tS7\tS8\tS9\tS10\tS11\tS12\tS13\tS14\tS15\tS16\t\t\t\t\t\t\t\t\t": 0.0,
        "hora": 0.0,
        "s1": 0.0,
        "s2": 0.0,
        "s3": 0.0,
        "s4": 0.0,
        "s5": 0.0,
        "s6": 21.89,
        "s7": 0.0,
        "s8": 0.0,
        "s9": 0.0,
        "s10": 0.0,
        "s11": 168.52,
        "s12": 0.0,
        "s13": 0.0,
        "s14": 111.35,
        "s15": 163.25,
        "s16": 136.38,
        "temp": 0.0,
        "hum": 0.0,
        "": 0.0
    },
    "tabla_total_porcentaje": {
        "REGISTRO\tSENSORES\t\t\t\t\t\t\t\t\t\t\t\t\t\t\t\t\t\t\t\t\t\t\t\t\r\nID TIEMPO\tS1\tS2\tS3\tS4\tS5\tS6\tS7\tS8\tS9\tS10\tS11\tS12\tS13\tS14\tS15\tS16\t\t\t\t\t\t\t\t\t": 0.0,
        "hora": 0.0,
        "s1": 0.0,
        "s2": 0.0,
        "s3": 0.0,
        "s4": 0.0,
        "s5": 0.0,
        "s6": 0.09477655204722114,
        "s7": 0.0,
        "s8": 0.0,
        "s9": 0.0,
        "s10": 0.0,
        "s11": 0.729636571539411,
        "s12": 0.0,
        "s13": 0.0,
        "s14": 0.4821091398107845,
        "s15": 0.706819192403328,
        "s16": 0.5904808665235276,
        "temp": 0.0,
        "hum": 0.0,
        "": 0.0
    }
}